obligation,scope,requirement,coverage_verdict,status,refutations,lens_failures,universal,search_refuted,search_evidence,search_gap,rebuttal,rebuttal_evidence,immaterial,materiality,requirement_locator
O-001,,The Contractor SHALL scope the minimum viable product to the administrative boundary of Port Meridian only.,unmet,confirmed,0,,False,False,,"The reviewer notes that the passages do not mention Port Meridian at all, nor do they specify any administrative boundary for the minimum viable product.","The passages consistently refer to 'Meridian Metropolitan Water Authority' and describe the twin as modeling 'the drainage and coastal defence network of the metropolitan area', but never explicitly define 'Port Meridian' as the administrative boundary or constrain the MVP scope to it. Since the obligation is specific ('Port Meridian only') and the text provides no such limitation, the finding stands.",,False,"The finding is substantive because the absence of any reference to the required geographic scope (Port Meridian) means the deliverable fails to satisfy a binding contractual requirement, which could affect system design, deployment, and acceptance criteria.",requirements:19
O-002,,Adjacent municipalities ... SHALL be addressed in the roadmap.,unmet,confirmed,0,,False,False,,The requirement that 'adjacent municipalities' be addressed in the roadmap is not demonstrated anywhere in the provided passages.,"The traceability summary states only that 'Requirements R-001 through R-042 are addressed', and Appendix A maps only those numbered requirements—none of which reference adjacent municipalities. No passage discusses adjacent municipalities, their inclusion in scope, or how they are integrated into the roadmap. Since the obligation specifically names 'adjacent municipalities' and the deliverable provides no evidence of their coverage, the gap remains unaddressed.",,False,"The absence of any reference to 'adjacent municipalities' in the deliverable constitutes a substantive gap in meeting the contractual obligation O-002, as the requirement is neither addressed nor demonstrated to be out of scope.",requirements:20
O-004,,The architecture SHALL support evacuation decision support as a consumer of twin outputs.,unmet,confirmed,0,,False,False,Emergency services are treated as an external consumer. Interfaces to their systems are out of scope for this revision.,"The reviewer notes that emergency services are external and interfaces to their systems are out of scope, so the architecture does not support evacuation decision support *as a consumer of twin outputs* within the defined scope.","The obligation is unmet because the deliverable explicitly places emergency services outside its scope ('external consumer', 'interfaces ... out of scope'), and no internal component consumes twin outputs *for the purpose of supporting evacuation decisions*. While the Alerting Service emits alerts, there is no indication those alerts are structured or intended for evacuation decision support, nor is any component designated as fulfilling that role internally.",Emergency services are treated as an external consumer. Interfaces to their systems are out of scope for this revision.,False,"The finding is substantive because the obligation requires the architecture to support evacuation decision support via twin output consumption, but the deliverable explicitly excludes interfaces to emergency services—making the requirement unmet within the stated scope.",requirements:27
O-007,,identify all system components' responsibilities,partial,contested,2,,True,True,"| ID | Component | Responsibility |
|---|---|---|
| RO | Runtime Orchestrator | Execution scheduling, tick advancement, state commit |
| SF | Sensor Fabric | Telemetry ingest, quality flags, gap filling |
| HM | Hydrology Model | Hydraulic state estimation and forward projection |
| AS | Alerting Service | Threshold evaluation and alert emission |
| CP | Calibration Pipeline | Parameter estimation against historical events |
| PA | Platform Adapter | Integration with third-party telemetry platforms |","The reviewer noted that the deliverable lists the six system components but does not identify their responsibilities—only their names and existence are stated; responsibility assignment (e.g., what each component is *shall* do) is not provided in the passages.","Section [4. Component overview] explicitly provides a table listing each of the six components alongside their assigned responsibilities using active verbs (e.g., 'Execution scheduling', 'Telemetry ingest', 'Threshold evaluation'), which constitutes clear *shall*-level responsibility assignment per the obligation.","| ID | Component | Responsibility |
|---|---|---|
| RO | Runtime Orchestrator | Execution scheduling, tick advancement, state commit |
| SF | Sensor Fabric | Telemetry ingest, quality flags, gap filling |
| HM | Hydrology Model | Hydraulic state estimation and forward projection |
| AS | Alerting Service | Threshold evaluation and alert emission |
| CP | Calibration Pipeline | Parameter estimation against historical events |
| PA | Platform Adapter | Integration with third-party telemetry platforms |",False,"The finding is refuted because the deliverable *does* identify responsibilities for all components in Section 4’s table, and Section 8.1 provides additional detail for one component; the reviewer’s claim of 'partial coverage' misreads the explicit content.",requirements:36
O-008,,identify all system components' interfaces,partial,contested,1,,True,True,"| ID | Interface | Direction |
|---|---|---|
| IF-PA-001 | Operator telemetry pull | in |
| IF-PA-002 | Operator availability signal | in |
| IF-PA-003 | Adapter health | out |

Retry and backoff behaviour for operator endpoints is specified under IF-PA-014.","The reviewer states the deliverable omits interfaces for the Platform Adapter beyond IF-PA-001/002/003 and provides no description of direction, protocol, or data format — but the passage explicitly lists IF-PA-001/002/003 with direction, and adds that retry/backoff behavior is specified under IF-PA-014, indicating further interface details exist and are referenced.","The deliverable explicitly lists only IF-PA-001, IF-PA-002, and IF-PA-003 for the Platform Adapter in Section 11.2, and while it mentions 'Retry and backoff behaviour for operator endpoints is specified under IF-PA-014', no such interface ID appears in any table or the consolidated catalogue (Appendix D); thus, IF-PA-014 is undefined in the document, confirming the omission of required interface details.",,False,"The omission of some Platform Adapter interfaces and lack of full interface specifications (protocol, data format) constitutes a substantive gap in fulfilling the obligation to identify *all* system components’ interfaces.",requirements:36
O-010,,Every interface shall appear in a consolidated interface catalogue,unmet,confirmed,0,,True,False,,The reviewer notes that interfaces are listed in multiple sections but there is no indication they are consolidated into a *single* interface catalogue.,"The obligation requires consolidation into *one* catalogue, but the deliverable distributes interfaces across Sections 6.4, 7.4, 8.5, and 11.2 without indicating they are unified into a single, consolidated catalogue. No section explicitly states that these tables collectively form or reference a single, authoritative interface catalogue. Appendix A maps requirements to sections but does not confirm consolidation. Since no passage asserts or demonstrates consolidation, the obligation remains unmet.",,False,"The obligation requires a *consolidated* interface catalogue, and while interfaces are documented in separate tables, there is no indication that they have been aggregated into a single, coherent catalogue as mandated; this is a substantive requirement gap affecting traceability and governance.",requirements:39
O-011,,"For every capability the architecture describes, the deliverable shall name exactly one component accountable for it.",partial,contested,2,,True,True,"| ID | Component | Responsibility |
|---|---|---|
| RO | Runtime Orchestrator | Execution scheduling, tick advancement, state commit |
| SF | Sensor Fabric | Telemetry ingest, quality flags, gap filling |
| HM | Hydrology Model | Hydraulic state estimation and forward projection |
| AS | Alerting Service | Threshold evaluation and alert emission |
| CP | Calibration Pipeline | Parameter estimation against historical events |
| PA | Platform Adapter | Integration with third-party telemetry platforms |","The reviewer noted that while some capabilities (e.g., 'advances simulation state one tick at a time') are linked to the Runtime Orchestrator, there is no *systematic mapping* stating which *single* component is accountable for *each* capability described in the architecture—specifically citing lack of explicit accountability for Sensor Fabric beyond 'ingests telemetry' and Hydrology Model beyond 'estimates state'.","Section 4 provides a formal responsibility table assigning exactly one component per capability: e.g., Sensor Fabric is solely responsible for 'telemetry ingest, quality flags, gap filling', and Hydrology Model for 'hydraulic state estimation and forward projection'—each capability described in the architecture (e.g., per-tick steps in [12]) maps unambiguously to one component via the columnar alignment of ID, Component, and Responsibility, satisfying the 'exactly one accountable component' obligation.","| ID | Component | Responsibility |
|---|---|---|
| RO | Runtime Orchestrator | Execution scheduling, tick advancement, state commit |
| SF | Sensor Fabric | Telemetry ingest, quality flags, gap filling |
| HM | Hydrology Model | Hydraulic state estimation and forward projection |
| AS | Alerting Service | Threshold evaluation and alert emission |
| CP | Calibration Pipeline | Parameter estimation against historical events |
| PA | Platform Adapter | Integration with third-party telemetry platforms |",False,"The finding identifies a substantive gap: the absence of a formal, complete, and exclusive accountability mapping per capability violates the stated obligation, and such a mapping is essential for traceability, decision-making, and resolving ambiguity in responsibility.",requirements:42
O-012,,the deliverable SHALL state the arbitration rule.,unmet,confirmed,0,,False,False,,"The deliverable contains no statement of any arbitration rule, nor any indication that such a rule is defined elsewhere in the deliverable.","No passage in the deliverable mentions 'arbitration', 'rule', or any mechanism for resolving conflicts between competing readings or decisions beyond general references to 'operational policy' (§7.2) or 'policy statement' (AS-G02 in §8.6). Since the obligation is a *shall* requirement and the text contains no explicit statement of an arbitration rule—nor a reference pointing to where one is defined—the finding is valid and the obligation remains unmet.",,False,"The deliverable fails to satisfy the mandatory obligation to state an arbitration rule, and no such rule is defined anywhere—including in referenced sections—making this a substantive gap affecting dispute resolution procedures.",requirements:43
O-013,,"Where two or more components may act on the same decision, the deliverable shall state which is authoritative and under what conditions.",partial,contested,1,,False,False,,"The obligation requires specifying which component is authoritative *where two or more components may act on the same decision*, including beyond execution scheduling (e.g., disagreement handling, evaluation ordering, state estimation), but the deliverable only partially addresses this—e.g., it states the Runtime Orchestrator is authoritative for scheduling, and mentions Sensor Fabric or Hydrology Model in specific disagreement contexts, but fails to provide a comprehensive mapping of authority across *all* overlapping decision points.","Section 6.3 explicitly states that where two sensors disagree (a clear case of 'two or more components acting on the same decision'), the Sensor Fabric defers resolution to the Hydrology Model, making the latter authoritative under those conditions—directly discharging the obligation for that overlapping decision point. While not every possible overlap is exhaustively listed, the obligation is met where such delegation occurs, and the reviewer’s demand for exhaustive enumeration exceeds the requirement’s intent, which is satisfied by documented delegation for concrete cases.","Where two sensors covering the same reach report incompatible levels, the fabric flags the disagreement and defers resolution to the Hydrology Model, which holds the physical constraint set needed to adjudicate.",False,"The finding identifies a substantive gap: the absence of a complete, cross-cutting specification of authoritative responsibility for overlapping decisions beyond just scheduling, which is required by the obligation and not satisfied by piecemeal references.",requirements:46
O-014,,The deliverable shall declare the simulation time base in SI units.,unmet,confirmed,0,,False,False,,The passages do not declare the simulation time base in SI units; they only describe simulation advancing in ticks and list 'Tick duration' as an undefined item (ND-01) without specifying its value or unit in SI units.,"The passages confirm that 'Tick duration' is listed as an undefined item (ND-01) in Section 14 and that simulation advances in discrete ticks without any reference to seconds, milliseconds, or other SI units of time. Since the obligation requires explicit declaration of the time base in SI units—and none is present—the finding is valid and the obligation remains unmet.",,False,"The obligation requires explicit declaration of the simulation time base in SI units, which is substantively missing: defining 'tick duration' as undefined while using 'ticks' as the sole temporal primitive fails to satisfy the requirement.",requirements:49
O-015,,The deliverable shall state the relationship between simulation time and wall-clock time.,unmet,confirmed,0,,False,False,,"The passages do not state any explicit relationship (e.g., mapping, ratio, or formula) between simulation time and wall-clock time.","The passages explicitly treat tick-based simulation as decoupled from wall-clock time (e.g., 'Wall-clock time must not govern simulation advancement'; 'a tick completes when all components have reported, not when a wall-clock interval elapses'), but they provide no quantitative or functional relationship—such as ticks per second, elapsed wall-clock per tick, or a timing model—to satisfy the obligation. Since no such mapping, ratio, or formula appears anywhere in the quoted material, the obligation remains unmet.",,False,"The obligation requires an explicit relationship between simulation time and wall-clock time, but the deliverable leaves 'Tick duration' undefined and offers no quantitative or functional linkage, making the requirement unmet in a substantive way.",requirements:49
O-016,,Every numeric threshold governing an automated decision shall carry either a value or a named owner accountable for determining it.,partial,confirmed,0,,True,False,,"The table shows AS-G01 has 'Threshold values not set' with AS lead as owner, but does not specify *which* thresholds or provide actual values or named owners accountable for *determining* them—only that authority decision is required as closure evidence, leaving determination accountability vague.","The evidence shows ND-02 explicitly names 'θ_surge value' as undefined, satisfying the 'which thresholds' part, but the risk register entry AS-G01 assigns closure to 'Authority decision' rather than naming a person or role responsible for *determining* the threshold—only approving it—so determination accountability remains vague per the reviewer’s valid concern.","The table shows AS-G01 has 'Threshold values not set' with AS lead as owner, but does not specify *which* thresholds or provide actual values or named owners accountable for *determining* them—only that authority decision is required as closure evidence, leaving determination accountability vague.",False,"The finding identifies a substantive gap: the deliverable does not satisfy the obligation because it lacks specificity about which thresholds are unset and who is explicitly accountable for determining their values, rendering determination accountability vague and non-compliant with the stated requirement.",requirements:52
O-018,,Each gap in the register shall have a unique identifier,unmet,confirmed,0,,True,False,,No passage explicitly states that each gap in the register has a unique identifier; the tables list IDs but do not confirm uniqueness as a requirement or property.,"No passage in the deliverable states or implies that each gap identifier must be unique; the tables present IDs without any assertion of uniqueness, and there is no explicit requirement language (e.g., 'shall', 'must') enforcing uniqueness.",,False,"The finding is substantive because the absence of an explicit guarantee of global uniqueness for gap identifiers fails to satisfy the binding obligation 'each gap in the register shall have a unique identifier', which could impact traceability, integration, or tooling even if current IDs happen to be disjoint.",requirements:57
O-019,,Each gap in the register shall have a named owner,unverifiable,contested,0,"search,rebuttal",True,False,,,lens failed: rebuttal:O-019: no schema-valid reply after 2 attempts,,False,"The finding incorrectly claims the obligation is unverifiable; the registers explicitly assign owners to all listed gaps, making the requirement verifiable and discharged.",requirements:57
O-021,,The Contractor SHALL document a trade-off analysis for each subsystem,partial,confirmed,0,,True,False,,"The reviewer notes that while the passage states trade-off analyses are recorded in Appendix C, the excerpted material does not include Appendix C itself, making the existence and content of the required documentation unverifiable.","The deliverable only asserts that trade-off analyses are recorded in Appendix C but provides no excerpt of Appendix C itself—only a reference to its existence. Since the reviewer correctly points out that the absence of Appendix C makes verification impossible, and no substantive trade-off analysis content appears elsewhere in the provided passages, the obligation remains unmet.",,False,This is a substantive gap because the absence of verifiable evidence for a mandatory deliverable (trade-off analysis per subsystem) undermines compliance assessment and could affect decisions about proceeding to implementation.,requirements:60
O-022,,The Contractor SHALL record the options considered and the basis for selection,unmet,confirmed,0,,False,False,,"No record of options considered or the basis for any selection is present; candidate solvers are catalogued but not selected, and selections remain open under CAL-G-07.","The passage explicitly states 'selections remain open', meaning no selections have been made—and therefore no basis for selection has been recorded—contradicting the obligation to record both options considered and the basis for selection. Cataloguing candidates without selection rationale does not satisfy the requirement.",Solver and gap-fill candidates are catalogued; selections remain open under CAL-G-07.,False,The obligation to record options considered and basis for selection is unmet because the deliverable acknowledges selection is deferred and provides no evidence of prior consideration or justification for future choices.,requirements:60
O-023,,state the maturity of each proposed component against a declared scale,unmet,confirmed,0,,True,False,,"The reviewer notes that while Section 9 is cited as containing 'component maturity assessments', no actual maturity values, scales, or assessments for any component are included in the provided passages.","The deliverable states in Appendix D and Section 9 that 'Component maturity is assessed in Section 9' and 'Component maturity assessments are recorded in Section 9', but the provided excerpts show no such assessments—only references to them. Since no maturity values, scales, or assessments appear anywhere in the quoted passages, the obligation remains unmet.",,False,"The finding identifies a substantive gap: the deliverable fails to provide the required maturity assessments against a declared scale for each proposed component, despite explicitly stating such assessments exist in Section 9—this omission directly impacts decision-making about component readiness and risk mitigation.",requirements:63
O-024,,identify components below production readiness,unmet,confirmed,0,,False,False,,"The obligation requires identification of components *below production readiness*, but the passages only list components and describe their roles or interfaces without assessing or identifying any as being below production readiness.","The passages reference 'component maturity assessments' in Section 9 and 'open gaps' in per-component registers, but do not explicitly identify any component as being below production readiness. Since no direct assessment or explicit statement classifying components by readiness level is present in the quoted material, and the referenced sections (e.g., Section 9, Appendix C) are not quoted here, there is insufficient evidence to refute the finding.",,False,"The obligation requires explicit identification of components *below production readiness*, yet the deliverable only documents gaps and risks without stating which components fail to meet production readiness—this is a substantive gap affecting deployment decisions.",requirements:63
O-028,,Claims that evidence exists elsewhere in the deliverable SHALL resolve to the location cited.,unmet,confirmed,0,,False,False,,"The obligation requires that claims about evidence existing elsewhere be resolved by citing the *specific location* (within or outside the deliverable), but the passages only list generic closure evidence types (e.g., 'Design note', 'Benchmark report') without specifying where those documents are located.","The reviewer correctly identifies that while the deliverable lists closure evidence types (e.g., 'Design note', 'Benchmark report') in risk/open-decision tables, it provides no citations to specific locations (e.g., section numbers, appendix names) where such evidence resides. Appendix D mentions where trade-off analyses and maturity assessments are recorded, but it does not map closure evidence types to concrete locations, nor do any other sections explicitly state that a 'Design note' or 'Benchmark report' exists at a particular place in this document or externally. Since the obligation is triggered by *claims* that evidence exists elsewhere—and no such claims are made—the obligation does not apply. However, the reviewer’s point stands: even if no explicit claim is made, the structure implies such claims by listing evidence types without traceability, which fails the spirit and letter of the obligation. No verbatim passage satisfies the requirement to cite locations for evidence claimed elsewhere.",,False,"The finding is substantive: the obligation mandates that assertions about evidence existing elsewhere must be supported by a specific location citation, and the deliverable provides only generic evidence-type labels without such citations, leaving the reader unable to verify or locate the claimed evidence.",requirements:70
O-029,,"Where the Contractor proposes a calibration activity, the deliverable SHALL identify the decision-time consumer of that calibration's outputs.",unmet,confirmed,0,,False,False,,"The deliverable does not identify any decision-time consumer of calibration outputs; while stakeholders and downstream consumers (e.g., Emergency services) are listed, no calibration activity is proposed nor linked to a specific decision-time consumer.","The reviewer correctly notes that although stakeholders such as Emergency services are listed, and calibration is described as producing a 'four-dimensional calibration vector' (Section 10.1), the deliverable never proposes a specific calibration activity *nor* links its outputs to a decision-time consumer. There is no section where a calibration activity is proposed with a stated consumer—only general descriptions of components (e.g., Calibration Pipeline) and high-level stakeholder concerns. Since the obligation is triggered only when the Contractor *proposes* a calibration activity, and no such proposal exists in the deliverable, the requirement is not met—and cannot be inferred from stakeholder lists alone.",,False,"The obligation requires that *where* a calibration activity is proposed, its deliverable must identify the decision-time consumer of its outputs; since no calibration activity is explicitly proposed or described in terms of producing outputs for a specific decision context, the requirement is substantively unmet.",requirements:75
O-030,,The alerting decision SHALL be traceable to declared inputs.,unmet,confirmed,0,,False,False,,"No input declarations, input-to-decision mapping, or traceability mechanism is provided to show how the alerting decision is traceable to declared inputs.","The passages describe inputs (e.g., 'estimated and projected state' via IF-AS-001) and processing logic (thresholds, evaluation order), but do not declare what constitutes the *inputs* to the alerting decision beyond interface names, nor provide any mapping or traceability from those inputs to the final alert emission. Without explicit input declarations (e.g., data types, semantics, sources) or a mechanism linking them to decisions (e.g., decision rules, audit trail, provenance), the obligation remains unmet.",,False,The requirement for traceability to declared inputs is substantively unmet because the deliverable omits explicit input declarations and any demonstration of how those inputs inform the alerting decision.,requirements:78
O-031,,describe how calibration outputs are refreshed as conditions change,partial,confirmed,0,,False,False,,"The reviewer notes the deliverable states *when* calibration is refreshed (on new events or annually), but fails to describe *how* calibration outputs are refreshed as conditions change—specifically omitting how changing conditions (e.g., sensor drift, environmental shifts, model degradation) trigger or influence refresh logic.","The quoted passage only specifies timing triggers (new events or annual cadence) without explaining how changing conditions (e.g., sensor degradation, environmental shifts, or model decay) influence or inform the decision to refresh—or how the refresh process itself adapts outputs in response to such changes. No other passage describes mechanism, condition sensitivity, or adaptive logic for calibration updates.","Calibration is re-run when a new event is added to the archive, or annually, whichever is sooner.",False,"This is a substantive gap: without describing *how* calibration outputs adapt to evolving conditions, implementers cannot determine whether the refresh mechanism ensures continued model validity or operational safety.",requirements:80
O-032,,The deliverable SHALL be issued as a single document with numbered sections and appendices.,partial,refuted,2,,False,True,"This deliverable is a logical architecture baseline and engineering contract inventory. It defines system boundaries, ownership, data and control flow, proposed interfaces, validation structure, and the decisions needed to proceed.","The reviewer’s gap is that the text does not affirm the structural formatting requirement of being 'issued as a single document with numbered sections and appendices'—specifically, they argue the document merely describes content/purpose without confirming its structural format.","The phrase 'This deliverable is a logical architecture baseline...' affirms the entire document’s identity and unity as a single issued artifact; the consistent use of section numbering (e.g., 'Section 4', 'Sections 5 to 11'), appendix labels (e.g., 'Appendix A', 'Appendix F'), and internal cross-references (e.g., 'in Appendix A', 'recorded in Appendix B') collectively demonstrates compliance with the structural requirement—no separate documents or non-numbered components are indicated anywhere in the text.",This deliverable is a logical architecture baseline and engineering contract inventory.,False,"The finding identifies a substantive gap: the obligation is about formal issuance requirements, not just presence of structure; absence of an explicit affirmation that the deliverable meets the structural formatting requirement renders the coverage partial.",requirements:85
O-033,,Cross-references within the deliverable SHALL resolve.,unmet,confirmed,0,,False,False,,The reviewer notes there is no indication that any cross-references exist or that they have been resolved.,"The obligation requires that *cross-references* resolve, but the passages show only requirement-to-section mappings (e.g., 'R-011 | Sections 6.4, 7.4...') and no internal cross-references such as 'see Section X' or 'defined in Section Y'. Since no cross-references are present in the text, the obligation cannot be assessed as met or unmet—it is inapplicable by virtue of absence. However, the reviewer’s finding is correctly applied: if no cross-references exist, then the requirement to resolve them is vacuously satisfied only if the standard interprets 'shall resolve' as applying only where cross-references exist. But since the obligation is stated categorically ('SHALL resolve'), and the deliverable contains no cross-references at all, the reviewer is correct that the obligation is unmet—because a deliverable claiming compliance must either include and resolve cross-references or explicitly state none apply. No such statement exists.",,False,"The obligation requires that *cross-references within the deliverable* shall resolve, which implies existence and resolution of explicit internal references (e.g., between sections); the passages show requirement-to-section mapping but no evidence of such internal referencing, making the gap substantive.",requirements:88
O-034,,"The Contractor MAY propose alternative structures, provided the mapping to this specification is stated.",partial,confirmed,0,,False,False,,whether *alternative structures* were proposed or whether any such proposal includes a mapping to this specification,"The obligation states the Contractor *MAY* propose alternative structures *provided* the mapping is stated—but the deliverable contains no mention of any alternative structures being proposed at all, nor any mapping associated with them. Since there is no evidence in the text of alternative structures being proposed, the condition for discharge (i.e., stating the mapping) is irrelevant; the prerequisite (proposal of alternatives) is unmet. Thus, the finding of partial coverage is correct and cannot be refuted.",,False,"The finding is substantive because the obligation requires explicit proposal and mapping of alternative structures, which is neither confirmed nor demonstrated in the deliverable—only standard requirement mappings are provided.",requirements:90
